Страна,Площадь,Площадь (мили),Площадь суши (км2),ActualSizeOfCountriesTotalWaterkm,ActualSizeOfCountriesTotalWater,Процент воды в территории,Население,Продолжительность жизни (все),Продолжительность жизни (мужчины),Продолжительность жизни (женщины),ИЧР,"ВВП (номинальный, 2024, млрд $)"
Bhutan,,,,,,,,,,,,12.377
Австра­лия,,,,,,,,84.1,82.3,85.8,0.946,
Австралия,7692024.0,7692024.0,7692020.0,58459.0,22571.0,0.8,26 713 205,,,,,1791.358
Австрия,83871.0,83871.0,82520.0,1426.0,551.0,1.7,8 915 382,82.1,79.8,84.4,0.926,634.362
Азербай­джан,,,,,,,,74.6,71.7,77.3,0.76,
Азербайджан,86600.0,86600.0,82646.0,500.0,200.0,0.6,10 336 577,,,,,199.195
Албания,28748.0,28748.0,27400.0,1350.0,521.0,4.7,2 845 955,79.8,77.9,81.6,0.789,58.795
Алжир,2381741.0,2381741.0,2381741.0,0.0,0.0,0.0,46 814 308,76.5,75.1,77.9,0.745,768.521
Американ­ские Виргин­ские Острова,,,,,,,,75.7,70.7,81.5,,
Американское Самоа,199.0,199.0,200.0,0.0,0.0,0.0,55 602,,,,,
Ангилья,,,,,,,15 800,79.5,76.2,82.8,,
Ангола,1246700.0,1246700.0,1246700.0,0.0,0.0,0.0,37 885 849,64.8,62.3,67.3,0.591,270.981
Ангуилья,91.0,91.0,91.0,0.0,0.0,0.0,,,,,,
Андорра,468.0,468.0,470.0,0.0,0.0,0.0,76 177,84.2,82.3,86.2,0.884,6.001
Антигуа и Барбуда,442.0,442.0,440.0,0.0,0.0,0.0,97 000,,,,,2.829
Антигуа и Барбуда,,,,,,,,77.8,74.7,80.4,0.826,
Аргентина,2780400.0,2780400.0,2736690.0,43710.0,16880.0,1.6,45 696 159,77.5,75.0,80.0,0.849,1244.646
Армения,29743.0,29743.0,28470.0,1401.0,541.0,4.7,2 962 100,75.8,71.6,79.6,0.786,64.432
Аруба,180.0,180.0,180.0,0.0,0.0,0.0,106 000,76.5,73.8,78.9,,5.857
Афгани­стан,,,,,,,,66.3,64.7,67.8,0.462,
Афганистан,652230.0,652230.0,652230.0,0.0,0.0,0.0,42 647 492,,,,,
Багам­ские Острова,,,,,,,,74.7,71.1,78.3,0.82,
Багамские Острова,,,,,,,389 000,,,,,
Багамы,13943.0,13943.0,10010.0,3870.0,1490.0,27.8,,,,,,18.989
Бангла­деш,,,,,,,,74.9,73.3,76.7,0.67,
Бангладеш,147570.0,147570.0,130170.0,14252.0,5503.0,9.6,173 562 364,,,,,1619.803
Барбадос,430.0,430.0,430.0,0.0,0.0,0.0,287 000,76.3,73.8,78.8,0.809,5.989
Бахрейн,765.0,765.0,785.0,0.0,0.0,0.0,1 451 200,81.4,80.9,82.1,0.888,101.549
Беларусь,207600.0,207600.0,202980.0,4700.0,1800.0,2.3,,74.6,69.7,79.2,0.801,234.661
Белиз,22966.0,22966.0,22810.0,160.0,62.0,0.7,387 879,73.7,71.1,76.7,0.7,5.204
Белоруссия,,,,,,,9 255 524,,,,,
Бельгия,30528.0,30528.0,30280.0,250.0,97.0,0.8,11 738 763,82.3,80.1,84.4,0.942,803.166
Бенин,112622.0,112622.0,112760.0,458.0,177.0,0.4,14 462 724,61.0,59.5,62.4,0.504,64.413
Бермуды,54.0,54.0,54.0,0.0,0.0,0.0,61 662,82.5,79.1,85.9,,
Болгария,110879.0,110879.0,108560.0,2390.0,923.0,2.2,6 445 481,75.8,72.3,79.4,0.799,229.107
Боливия,1098581.0,1098581.0,1083300.0,15280.0,5900.0,1.4,12 413 315,68.7,66.3,71.3,0.698,131.422
"Бонайре, Синт-Эстатиус и Саба",,,,,,,25 052,,,,,
"Бонайре, Синт-Эстатиус и Саба",,,,,,,,77.6,75.4,80.3,,
Босния и Герцеговина,51209.0,51209.0,51200.0,10.0,4.0,0.0,3 434 000,,,,,71.254
Босния и Герцего­вина,,,,,,,,78.0,74.6,81.1,0.779,
Ботсвана,582000.0,582000.0,566730.0,15000.0,5800.0,2.6,2 304 000,69.3,66.8,71.9,0.708,54.657
Брази­лия,,,,,,,,76.0,73.0,79.1,0.76,
Бразилия,8515767.0,8515767.0,8358140.0,55352.0,21372.0,0.6,211 998 573,,,,,4273.668
Британ­ские Виргин­ские Острова,,,,,,,,77.4,74.7,80.2,,
Британские Виргинские острова,151.0,151.0,150.0,0.0,0.0,0.0,,,,,,
Бруней,5765.0,5765.0,5270.0,500.0,200.0,8.7,433 000,75.5,73.5,77.7,0.823,34.249
Буркина Фасо,,,,,,,,61.3,59.1,63.4,0.438,
Буркина-Фасо,272967.0,272967.0,273600.0,620.0,240.0,0.2,23 548 781,,,,,66.91
Бурунди,27834.0,27834.0,25680.0,2150.0,830.0,7.7,14 047 786,63.8,61.8,65.9,0.42,12.241
Бутан,38394.0,38394.0,38140.0,0.0,0.0,0.0,763 000,73.3,71.6,75.3,0.681,
Вануату,12189.0,12189.0,12190.0,0.0,0.0,0.0,300 000,71.7,69.6,74.1,0.614,1.015
Ватикан,0.44,0.44,0.44,0.0,0.0,0.0,861,83.1,81.0,85.2,,
Велико­британия,242900.0,242900.0,241930.0,1680.0,649.0,0.7,,81.4,79.5,83.3,0.94,
Великобритания,,,,,,,69 138 192,,,,,4029.438
Венгрия,93028.0,93028.0,91260.0,3420.0,1320.0,3.7,9 604 000,77.2,73.9,80.3,0.851,437.767
Вене­суэла,,,,,,,,72.7,68.9,76.7,0.699,
Венесуэла,916445.0,916445.0,882050.0,30000.0,10000.0,3.3,28 405 543,,,,,224.526
Виргинские Острова (США),,,,,,,105 000,,,,,
Виргинские острова (Брит.),,,,,,,34 492,,,,,
Виргинские острова США,347.0,347.0,347.0,0.0,0.0,0.0,,,,,,
Восточ­ное Самоа,,,,,,,,73.0,70.3,76.0,,
Восточный Тимор,,,,,,,1 212 107,,,,,
Вьетнам,331212.0,331212.0,313429.0,21140.0,8162.0,6.4,100 987 686,74.7,70.1,79.4,0.726,1558.898
Габон,267668.0,267668.0,257670.0,10001.0,3861.0,3.7,2 173 000,68.5,66.1,71.2,0.693,43.915
Гаити,27750.0,27750.0,27560.0,190.0,73.0,0.7,11 772 557,65.1,61.9,68.5,0.552,38.506
Гайана,214969.0,214969.0,196850.0,18120.0,6996.0,8.4,801 623,70.3,66.6,74.1,0.742,63.822
Гамбия,10689.0,10689.0,10120.0,1295.0,500.0,11.5,2 348 000,66.1,64.4,67.8,0.495,8.151
Гана,238533.0,238533.0,227533.0,11000.0,4200.0,4.6,34 427 414,65.7,63.3,68.2,0.602,241.45
Гваделупа,1628.0,1628.0,1628.0,0.0,0.0,0.0,403 750,82.2,78.4,85.7,,
Гвате­мала,,,,,,,,72.7,70.4,75.0,0.629,
Гватемала,108889.0,108889.0,107160.0,1730.0,668.0,1.6,18 406 359,,,,,213.276
Гвиана,,,,,,,296 711,,,,,
Гвинея,245857.0,245857.0,245720.0,140.0,54.0,0.1,14 754 785,60.9,59.7,62.1,0.471,51.894
Гвинея-Бисау,36125.0,36125.0,28120.0,8005.0,3091.0,22.2,1 921 000,64.3,61.8,66.5,0.483,6.406
Германия,357114.0,357114.0,349390.0,8350.0,3220.0,2.3,84 552 242,81.5,79.2,83.9,0.95,5686.531
Гернси,78.0,78.0,63.0,0.0,0.0,0.0,63 026,83.4,81.2,85.6,,
Гибрал­тар,,,,,,,,83.6,81.0,86.2,,
Гибралтар,6.8,6.8,6.8,0.0,0.0,0.0,33 573,,,,,
Гондурас,112492.0,112492.0,111890.0,200.0,80.0,0.2,9 158 345,73.0,70.5,75.7,0.624,79.975
Гонконг,1104.0,1104.0,1050.0,1649.0,637.0,59.9,7 524 100,85.6,83.0,88.3,0.956,570.082
Государство Палестина,,,,,,,4 816 503,,,,,
Грен­ландия,,,,,,,,70.2,68.2,72.6,,
Гренада,344.0,344.0,340.0,0.0,0.0,0.0,112 000,75.4,72.5,78.5,0.793,2.502
Гренландия,2166086.0,2166086.0,410450.0,0.0,0.0,0.0,56 196,,,,,
Греция,131990.0,131990.0,128900.0,1310.0,506.0,1.0,10 047 817,82.0,79.5,84.5,0.893,430.125
Грузия,69700.0,69700.0,69490.0,0.0,0.0,0.0,3 736 400,74.7,69.7,79.2,0.814,94.02
Гуам,549.0,549.0,540.0,0.0,0.0,0.0,167 000,77.4,73.7,81.6,,
ДРК,2344858.0,2344858.0,2267050.0,77810.0,30040.0,3.3,,,,,,160.197
Дания,43094.0,43094.0,40000.0,21.0,8.0,0.0,5 962 689,82.1,80.2,84.0,0.952,462.019
Демо­крати­ческая Респу­блика Конго,,,,,,,,62.1,60.0,64.2,,
Демо­крати­ческая Респуб­лика Конго,,,,,,,,,,,0.481,
Демократическая Республика Конго,,,,,,,109 276 265,,,,,
Джерси,116.0,116.0,120.0,0.0,0.0,0.0,105 500,79.8,77.9,81.9,,
Джибути,23200.0,23200.0,23180.0,20.0,8.0,0.1,974 000,66.2,63.7,68.7,0.515,8.038
Домини­кан­ская Респуб­лика,,,,,,,,73.9,70.7,77.1,0.766,
Доминика,751.0,751.0,750.0,0.0,0.0,0.0,72 000,71.3,68.4,74.7,0.74,1.144
Доминиканская Республика,48671.0,48671.0,48310.0,350.0,140.0,0.7,11 427 557,,,,,293.365
Египет,1002450.0,1002450.0,995450.0,6000.0,2000.0,0.6,116 538 258,71.8,69.7,74.0,0.728,1898.538
Замбия,752612.0,752612.0,743390.0,9220.0,3560.0,1.2,21 314 956,66.5,64.1,68.9,0.569,92.175
Западная Сахара,266000.0,266000.0,266000.0,0.0,0.0,0.0,,71.6,69.9,73.8,,
Зимбабве,390757.0,390757.0,386850.0,3910.0,1510.0,1.0,16 634 373,63.1,60.5,65.3,0.55,49.035
Израиль,20770.0,20770.0,21640.0,440.0,170.0,2.1,9 136 000,82.7,80.7,84.7,0.915,552.151
Индия,3287590.0,3287590.0,2973190.0,314073.0,121264.0,9.6,1 450 935 791,72.2,70.7,73.9,0.644,14594.46
Индо­незия,,,,,,,,71.3,69.2,73.4,0.713,
Индонезия,1904569.0,1904569.0,1877519.0,93000.0,36000.0,4.9,283 487 931,,,,,4720.542
Иордания,89342.0,89342.0,88794.0,540.0,210.0,0.6,11 552 876,78.0,75.9,80.3,0.736,141.191
Ирак,438317.0,438317.0,434128.0,950.0,370.0,0.2,46 042 015,72.4,70.5,74.2,0.673,530.861
Иран,1648195.0,1648195.0,1622500.0,116600.0,45020.0,7.1,91 567 738,77.9,76.0,79.8,0.78,1854.845
Ирландия,70273.0,70273.0,68890.0,1390.0,537.0,2.0,4 921 500,82.6,80.6,84.6,0.95,712.056
Исландия,103000.0,103000.0,100830.0,2750.0,1060.0,2.7,356 991,83.0,81.6,84.5,0.959,29.077
Испания,505992.0,505992.0,499556.6,6390.0,2470.0,1.3,47 910 526,83.8,81.1,86.4,0.911,2516.376
Италия,301336.0,301336.0,295717.0,7200.0,2800.0,2.4,59 342 867,83.9,81.8,85.9,0.906,3347.103
Йемен,527968.0,527968.0,527970.0,0.0,0.0,0.0,40 583 164,69.4,67.4,71.5,0.424,69.535
КНДР,,,,,,,26 498 823,,,,,
Кабо-Верде,4033.0,4033.0,4033.0,0.0,0.0,0.0,550 000,76.2,73.1,79.4,0.661,6.016
Казах­стан,,,,,,,,74.5,70.3,78.5,0.802,
Казахстан,2724900.0,2724900.0,2699700.0,25200.0,9730.0,0.9,20 592 571,,,,,693.415
Кайма­новы Острова,,,,,,,,80.5,78.2,83.0,,
Каймановы острова,264.0,264.0,240.0,0.0,0.0,0.0,,,,,,
Камбоджа,181035.0,181035.0,176520.0,4520.0,1750.0,2.5,17 638 801,70.8,68.1,73.4,0.6,142.392
Камерун,475442.0,475442.0,472710.0,2730.0,1050.0,0.6,29 123 744,64.0,61.8,66.2,0.587,141.929
Канада,9984670.0,9984670.0,8965590.0,891163.0,344080.0,8.9,39 742 430,82.7,80.5,84.9,0.935,2472.227
Катар,11586.0,11586.0,11490.0,0.0,0.0,0.0,2 965 952,82.5,81.8,83.5,0.875,337.521
Кения,580367.0,580367.0,569140.0,11227.0,4335.0,1.9,56 432 944,63.8,61.6,66.1,0.601,365.854
Кипр,9251.0,9251.0,9240.0,10.0,4.0,0.1,923 272,81.8,79.8,83.8,0.907,54.104
Киргизия,199951.0,199951.0,191800.0,8150.0,3150.0,4.1,,,,,,
Кирибати,811.0,811.0,810.0,0.0,0.0,0.0,118 000,66.6,64.7,68.3,0.628,0.46
Китай,9706961.0,9706961.0,9424702.9,270550.0,104460.0,2.8,1 409 670 000,78.0,75.2,81.0,0.788,35291.015
Китайская Республика,,,,,,,23 213 962,,,,,
Колумбия,1141748.0,1141748.0,1109500.0,100210.0,38691.0,8.8,52 886 363,77.9,75.2,80.6,0.758,1041.705
Комор­ские Острова,,,,,,,,67.0,65.0,69.2,0.586,
Коморские острова,1862.0,1862.0,1861.0,0.0,0.0,0.0,,,,,,3.629
Коморы,,,,,,,806 153,,,,,
Конго,,,,,,,,66.0,64.3,67.7,0.593,29.904
Косово,,,,,,,,78.2,76.0,80.3,,29.719
Коста-Рика,51100.0,51100.0,51060.0,40.0,20.0,0.1,4 953 199,81.0,78.4,83.6,0.806,152.141
Кот-д'Ивуар,322463.0,322463.0,318000.0,4460.0,1720.0,1.4,,,,,,219.391
Кот-д’Ивуар,,,,,,,31 934 230,62.1,60.2,64.3,0.534,
Куба,109884.0,109884.0,103800.0,0.0,0.0,0.0,10 979 783,78.3,75.9,80.7,0.764,
Кувейт,17818.0,17818.0,17820.0,0.0,0.0,0.0,4 207 000,80.6,79.4,82.0,0.847,264.301
Кыргыз­стан,,,,,,,,71.8,68.3,75.4,0.701,
Кыргызстан,,,,,,,7 037 600,,,,,48.054
Кюрасао,444.0,444.0,444.0,0.0,0.0,0.0,158 986,77.0,72.7,81.0,,
Лаос,236800.0,236800.0,230800.0,6000.0,2000.0,2.5,7 123 205,69.2,67.0,71.5,0.62,78.713
Латвия,64559.0,64559.0,62230.0,2340.0,903.0,3.6,1 862 700,76.3,71.8,80.6,0.879,78.421
Лесото,30355.0,30355.0,30360.0,0.0,0.0,0.0,2 007 201,57.8,55.0,60.4,0.521,6.983
Либерия,111369.0,111369.0,96320.0,15049.0,5810.0,13.5,5 248 621,62.3,61.0,63.6,0.487,10.468
Ливан,10452.0,10452.0,10230.0,170.0,66.0,1.6,5 364 482,77.9,75.9,79.9,0.723,
Ливия,1759540.0,1759540.0,1759540.0,0.0,0.0,0.0,6 777 000,71.1,69.6,72.7,0.746,182.897
Литва,65300.0,65300.0,62620.0,2620.0,1010.0,4.0,2 891 215,76.2,71.4,80.8,0.879,144.585
Лихтен­штейн,,,,,,,,83.7,82.0,85.4,0.942,
Лихтенштейн,160.0,160.0,160.0,0.0,0.0,0.0,38 378,,,,,
Люксем­бург,,,,,,,,82.4,80.7,83.9,0.927,
Люксембург,2586.0,2586.0,2574.5,0.0,0.0,0.0,672 050,,,,,96.886
Маври­тания,,,,,,,,68.7,66.7,70.7,0.54,
Маврикий,2040.0,2040.0,2030.0,10.0,4.0,0.5,1 261 208,75.1,72.1,78.3,0.796,40.468
Мавритания,1030700.0,1030700.0,1030700.0,4480.0,1730.0,0.4,4 927 532,,,,,34.779
Мада­гаскар,,,,,,,,63.8,62.1,65.6,0.487,
Мадагаскар,587041.0,587041.0,581800.0,5501.0,2124.0,0.9,31 964 956,,,,,60.551
Майотта,374.0,374.0,374.0,0.0,0.0,0.0,266 000,76.2,74.3,78.5,,
Макао,32.9,32.9,32.9,0.0,0.0,0.0,686 400,83.2,81.0,85.4,,92.885
Маке­дония,,,,,,,,77.5,75.3,79.7,0.765,
Малави,118484.0,118484.0,94280.0,24404.0,9422.0,20.6,21 655 286,67.6,64.3,70.8,0.508,40.029
Малай­зия,,,,,,,,76.8,74.4,79.5,0.807,
Малайзия,330803.0,330803.0,328550.0,1190.0,459.0,0.4,35 557 673,,,,,1305.942
Мали,1240192.0,1240192.0,1220190.0,20002.0,7723.0,1.6,24 478 595,60.7,59.3,62.2,0.41,65.413
Мальдивы,300.0,300.0,300.0,0.0,0.0,0.0,402 071,81.3,79.9,83.0,0.762,15.124
Мальта,316.0,316.0,320.0,0.0,0.0,0.0,493 559,83.5,81.5,85.4,0.915,36.87
Марокко,446550.0,446550.0,446300.0,250.0,97.0,0.1,38 081 173,75.5,73.3,77.8,0.698,409.073
Марти­ника,,,,,,,,82.7,79.5,85.7,,
Мартиника,1128.0,1128.0,1128.0,0.0,0.0,0.0,381 326,,,,,
Маршал­ловы Острова,,,,,,,,67.1,65.0,69.5,0.731,
Маршалловы Острова,,,,,,,53 069,,,,,
Маршалловы острова,181.0,181.0,180.0,0.0,0.0,0.0,,,,,,0.287
Мексика,1964375.0,1964375.0,1943950.0,20430.0,7888.0,1.0,130 861 007,75.3,72.4,78.0,0.781,3434.224
Микро­незия,,,,,,,,67.4,63.6,71.3,0.634,
Микронезия,702.0,702.0,700.0,0.0,0.0,0.0,114 000,,,,,0.443
Мозамбик,801590.0,801590.0,786380.0,13000.0,5000.0,1.6,34 631 766,63.8,60.5,66.7,0.461,57.466
Молдавия,,,,,,,2 423 300,,,,,
Молдова,33846.0,33846.0,32884.6,960.0,370.0,2.8,,71.3,66.7,75.7,0.763,43.882
Монако,2.02,2.02,2.0,0.0,0.0,0.0,38 300,86.5,84.6,88.6,,
Монголия,1564110.0,1564110.0,1557506.8,10560.0,4077.0,0.7,3 457 548,72.0,67.5,76.7,0.741,58.58
Монт­серрат,,,,,,,,76.3,74.3,79.0,,
Монтсеррат,102.0,102.0,102.0,0.0,0.0,0.0,4294,,,,,
Мьянма,676578.0,676578.0,652670.0,23070.0,8907.0,3.4,54 500 091,67.1,64.0,70.4,0.608,283.572
Намибия,825615.0,825615.0,823290.0,2425.0,936.0,0.3,3 022 401,67.5,63.5,71.5,0.61,32.302
Науру,21.0,21.0,20.0,0.0,0.0,0.0,11 086,62.3,60.4,64.2,0.696,0.141
Непал,147181.0,147181.0,143350.0,3830.0,1480.0,2.6,29 651 054,70.6,69.1,72.1,0.601,159.139
Нигер,1267000.0,1267000.0,1266700.0,300.0,100.0,0.0,27 032 412,61.4,60.5,62.4,0.394,47.024
Нигерия,923768.0,923768.0,910770.0,13000.0,5000.0,1.4,232 679 478,54.6,54.3,54.9,0.548,1443.708
Нидер­ланды,,,,,,,,82.3,80.7,83.9,0.946,
Нидерланды,41850.0,41850.0,33670.0,7957.0,3072.0,19.0,18 228 742,,,,,1329.039
Никарагуа,130373.0,130373.0,120340.0,10380.0,4008.0,8.0,6 803 886,75.1,72.5,77.6,0.669,54.89
Ниуэ,261.0,261.0,261.0,0.0,0.0,0.0,1618,70.1,67.5,72.9,,
Новая Зелан­дия,,,,,,,,82.2,80.6,83.9,0.939,
Новая Зеландия,270467.0,270467.0,263310.0,4395.0,1697.0,1.6,5 338 900,,,,,285.582
Новая Кале­дония,,,,,,,,78.9,76.5,81.4,,
Новая Каледония,18575.0,18575.0,18280.0,300.0,100.0,1.6,268 767,,,,,
Норвегия,323802.0,323802.0,364285.0,19520.0,7537.0,5.1,5 550 203,83.5,81.9,85.0,0.966,461.107
ОАЭ,,,,,,,11 027 129,,,,,948.045
Объе­динён­ные Арабские Эмираты,,,,,,,,83.1,82.2,84.3,0.937,
Объединённые Арабские Эмираты,83600.0,83600.0,71020.0,0.0,0.0,0.0,,,,,,
Оман,309500.0,309500.0,309500.0,0.0,0.0,0.0,5 252 608,80.2,78.7,82.0,0.819,207.604
Остров Мэн,572.0,572.0,570.0,0.0,0.0,0.0,83 314,81.1,79.0,83.2,,
Остров Святой Елены,,,,,,,,77.0,74.0,80.7,,
Остров Святой Елены (Брит.),,,,,,,8987,,,,,
Острова Кайман,,,,,,,60 764,,,,,
Острова Кука,240.0,240.0,240.0,0.0,0.0,0.0,17 325,75.5,72.1,79.2,,
Пакистан,881912.0,881912.0,770880.0,25223.0,9739.0,2.9,251 269 164,67.8,65.5,70.3,0.54,1642.572
Палау,459.0,459.0,460.0,0.0,0.0,0.0,21 507,69.4,67.3,71.9,0.797,0.307
Палестина,6220.0,6220.0,6020.0,220.0,85.0,3.5,,69.2,65.2,74.3,0.716,
Панама,75417.0,75417.0,74180.0,1080.0,417.0,1.4,3 764 166,79.8,76.9,82.7,0.82,202.013
Папуа - Новая Гвинея,462840.0,462840.0,452860.0,9980.0,3850.0,2.2,,,,,,44.3
Папуа — Новая Гвинея,,,,,,,8 776 000,66.3,63.8,69.2,0.568,
Парагвай,406752.0,406752.0,397300.0,9450.0,3650.0,2.3,6 109 903,74.0,71.0,77.1,0.731,124.726
Перу,1285216.0,1285216.0,1280000.0,5220.0,2020.0,0.4,34 217 848,77.9,75.6,80.3,0.762,566.582
Польша,312679.0,312679.0,306130.0,791.0,305.0,0.3,38 539 201,78.8,75.1,82.5,0.881,1800.54
Порту­галия,,,,,,,,82.6,79.7,85.3,0.874,
Португалия,92090.0,92090.0,91605.6,1107.0,427.0,1.2,10 425 292,,,,,485.742
Приднестровье,,,,,,,467 400,,,,,
Пуэрто-Рико,8870.0,8870.0,8870.0,145.0,56.0,1.6,3 411 307,81.9,78.3,85.4,,136.921
Республика Абхазия,,,,,,,243 564,,,,,
Республика Конго,342000.0,342000.0,341500.0,500.0,200.0,0.1,6 142 180,,,,,
Республика Корея,,,,,,,51 717 590,,,,,
Республика Косово,,,,,,,1 907 592,,,,,
Реюньон,2511.0,2511.0,2512.0,0.0,0.0,0.0,844 994,83.7,80.7,86.4,,
Россия,17098242.0,17098242.0,16376870.0,719836.0,277930.0,4.2,144 820 423,73.3,67.5,79.2,0.821,5472.88
Руанда,26338.0,26338.0,24670.0,1670.0,645.0,6.3,14 256 567,68.0,65.7,70.1,0.548,46.658
Румыния,238391.0,238391.0,230080.0,7100.0,2700.0,3.0,19 015 088,76.1,72.6,79.7,0.827,817.986
САДР,,,,,,,582 000,,,,,
США,,,,,,,334 233 854,,,,,28781.083
Сальва­дор,,,,,,,,72.3,67.8,76.5,0.674,
Сальвадор,21041.0,21041.0,20720.0,320.0,120.0,1.5,6 454 000,,,,,80.151
Самоа,2842.0,2842.0,2780.0,10.0,4.0,0.4,197 000,71.8,70.0,73.8,0.702,1.421
Сан-Марино,61.0,61.0,60.0,0.0,0.0,0.0,33 925,85.8,84.3,87.2,0.867,2.978
Сан-Томе и Принсипи,964.0,964.0,960.0,0.0,0.0,0.0,215 000,,,,,1.005
Сан-Томе и Принсипи,,,,,,,,69.9,66.4,73.9,0.613,
Саудов­ская Аравия,,,,,,,,79.0,77.3,81.3,0.875,
Саудовская Аравия,2149690.0,2149690.0,2149690.0,0.0,0.0,0.0,33 962 757,,,,,2354.392
Свази­ленд,,,,,,,,64.3,61.3,67.1,0.61,
Север­ная Корея,,,,,,,,73.7,71.6,75.9,,
Северная Корея,120538.0,120538.0,120410.0,2.0,1.0,0.0,,,,,,
Северная Македония,25713.0,25713.0,25220.0,280.0,110.0,1.1,2 077 132,,,,,45.905
Северные Мариан­ские Острова,,,,,,,,78.9,77.3,80.9,,
Северные Марианские Острова,,,,,,,55 389,,,,,
Северные Марианские острова,464.0,464.0,460.0,0.0,0.0,0.0,,,,,,
Северный Кипр,,,,,,,313 626,,,,,
Сейшель­ские Острова,,,,,,,,73.0,70.1,76.7,0.802,
Сейшельские Острова,,,,,,,98 000,,,,,
Сейшельские острова,452.0,452.0,460.0,0.0,0.0,0.0,,,,,,4.345
Сен-Бартелеми,,,,,,,16 183,84.4,81.6,86.9,,
Сен-Бартельми,21.0,21.0,25.0,0.0,0.0,0.0,,,,,,
Сен-Мартен,,,,,,,36 457,80.4,77.0,84.0,,
Сен-Пьер и Микелон,242.0,242.0,242.0,0.0,0.0,0.0,6301,,,,,
Сен-Пьер и Микелон,,,,,,,,76.9,73.0,81.6,,
Сенегал,196722.0,196722.0,192530.0,4192.0,1619.0,2.1,18 501 984,68.9,67.0,71.0,0.517,86.978
Сент-Винсент и Гренадины,389.0,389.0,390.0,0.0,0.0,0.0,111 000,,,,,2.133
Сент-Винсент и Гренадины,,,,,,,,71.4,68.8,74.5,0.772,
Сент-Китс и Невис,261.0,261.0,260.0,0.0,0.0,0.0,56 183,,,,,1.86
Сент-Китс и Невис,,,,,,,,72.3,68.7,76.2,0.838,
Сент-Люсия,616.0,616.0,610.0,10.0,4.0,1.6,183 000,72.8,69.5,76.5,0.725,3.61
Сент-Мартен,53.0,53.0,50.0,0.0,0.0,0.0,,,,,,
Сербия,88361.0,88361.0,87460.0,115.0,44.0,0.1,6 605 168,76.9,73.7,80.2,0.805,185.014
Сингапур,710.0,710.0,718.0,10.0,4.0,1.4,5 703 600,83.9,81.4,86.4,0.949,794.179
Синт-Мартен,34.0,34.0,34.0,0.0,0.0,0.0,37 224,76.5,73.8,79.7,,
Сирия,185180.0,185180.0,183630.0,1550.0,598.0,0.8,24 672 760,72.6,70.2,74.9,0.557,
Словакия,49037.0,49037.0,49035.0,930.0,360.0,1.9,5 422 620,78.5,75.2,81.7,0.855,239.326
Словения,20273.0,20273.0,20136.4,122.0,47.0,0.6,2 123 103,81.8,79.1,84.5,0.926,112.913
Соеди­нён­ные Штаты Америки,,,,,,,,79.5,77.0,82.0,0.927,
Соединённые Штаты,9372610.0,9372610.0,9147420.0,685924.0,264837.0,7.0,,,,,,
Соломо­новы Острова,,,,,,,,70.7,69.4,72.2,0.562,
Соломоновы Острова,28896.0,28896.0,27990.0,910.0,350.0,3.1,670 000,,,,,
Соломоновы острова,,,,,,,,,,,,2.056
Сомали,637657.0,637657.0,627340.0,10320.0,3985.0,1.6,19 009 151,59.0,56.5,61.6,0.38,34.027
Судан,1886068.0,1886068.0,1868000.0,129813.0,50121.0,7.0,50 448 963,66.5,63.4,69.8,0.516,169.189
Суринам,163820.0,163820.0,156000.0,7820.0,3020.0,4.8,581 000,73.8,70.6,77.0,0.69,12.248
Сьерра-Леоне,71740.0,71740.0,72180.0,120.0,46.0,0.2,7 813 000,62.0,60.2,63.7,0.458,18.942
Таджики­стан,,,,,,,,71.9,69.7,74.1,0.679,
Таджикистан,143100.0,143100.0,138790.0,2590.0,1000.0,1.8,9 886 800,,,,,59.415
Таиланд,,,,,,,71 668 011,76.6,72.3,81.0,0.803,1644.322
Тайвань,36193.0,36193.0,36197.0,3720.0,1440.0,10.3,,80.8,77.9,83.7,,1792.349
Тайланд,513120.0,513120.0,510890.0,2230.0,861.0,0.4,,,,,,
Танзания,945087.0,945087.0,885800.0,61500.0,23700.0,6.5,68 560 157,67.2,64.4,70.0,0.532,244.363
Теркс и Кайкос,,,,,,,34 904,,,,,
Тимор-Лешти,14874.0,14874.0,14870.0,0.0,0.0,0.0,,67.9,66.3,69.7,0.566,5.162
Того,56785.0,56785.0,54390.0,2400.0,930.0,4.2,8 095 498,62.9,62.7,63.2,0.547,27.039
Токелау,12.0,12.0,10.0,0.0,0.0,0.0,1499,77.2,75.1,79.0,,
Тонга,747.0,747.0,720.0,30.0,10.0,4.0,100 651,73.1,69.5,76.5,0.739,0.742
Трини­дад и Тобаго,,,,,,,,73.6,70.5,76.8,0.814,
Тринидад и Тобаго,5130.0,5130.0,5130.0,0.0,0.0,0.0,1 395 000,,,,,46.679
Тувалу,26.0,26.0,30.0,0.0,0.0,0.0,10 927,67.3,63.9,70.9,0.653,0.066
Тунис,163610.0,163610.0,155360.0,8250.0,3190.0,5.0,12 277 109,76.7,74.1,79.3,0.732,168.315
Туркмени­стан,,,,,,,,70.2,67.0,73.0,0.744,
Туркменистан,488100.0,488100.0,469930.0,18170.0,7015.0,3.7,7 057 841,,,,,130.172
Туркские и Кайкосские острова,948.0,948.0,948.0,0.0,0.0,0.0,,,,,,
Турция,783562.0,783562.0,783562.0,13930.0,5378.0,1.8,87 473 805,77.4,74.6,80.3,0.855,3831.533
Тёркс и Кайкос,,,,,,,,78.2,76.0,80.4,,
Уганда,241550.0,241550.0,200520.0,43938.0,16965.0,18.2,50 448 963,68.5,65.5,71.4,0.55,156.696
Узбеки­стан,,,,,,,,72.5,69.6,75.5,0.727,
Узбекистан,447400.0,447400.0,440650.0,22000.0,8500.0,4.9,36 361 859,,,,,401.838
Украина,603500.0,603500.0,579400.0,24250.0,9363.0,4.0,37 860 221,74.7,69.8,79.4,0.734,515.947
Уоллис и Футуна,274.0,274.0,274.0,0.0,0.0,0.0,10 445,,,,,
Уоллис и Футуна,,,,,,,,78.7,77.8,79.7,,
Уругвай,181034.0,181034.0,175020.0,1200.0,460.0,0.7,3 444 263,78.3,74.4,82.0,0.83,107.946
Фарер­ские Острова,,,,,,,,80.4,78.4,82.7,,
Фарерские острова,1393.0,1393.0,1366.0,0.0,0.0,0.0,54 683,,,,,
Фиджи,18272.0,18272.0,18270.0,0.0,0.0,0.0,890 000,67.5,65.5,69.5,0.729,16.059
Филип­пины,,,,,,,,69.9,67.0,73.0,0.71,
Филиппины,342353.0,342353.0,298170.0,1830.0,707.0,0.6,115 843 670,,,,,1391.8
Финлян­дия,,,,,,,,82.1,79.4,84.8,0.942,
Финляндия,338424.0,338424.0,303940.0,34330.0,13260.0,10.1,5 526 774,,,,,340.043
Фолкленд­ские Острова,,,,,,,,79.4,77.4,81.3,,
Фолклендские острова,12173.0,12173.0,12173.0,0.0,0.0,0.0,3380,,,,,
Франция,551695.0,551695.0,547557.0,3374.0,1303.0,0.5,66 548 530,83.5,80.6,86.2,0.91,3987.911
Француз­ская Гвиана,,,,,,,,77.2,74.3,80.1,,
Француз­ская Полинезия,,,,,,,,84.2,81.9,86.6,,
Французская Гвиана,83534.0,83534.0,83534.0,0.0,0.0,0.0,,,,,,
Французская Полинезия,4167.0,4167.0,3471.0,340.0,130.0,8.2,281 674,,,,,
Хорватия,56594.0,56594.0,55960.0,620.0,240.0,1.1,4 076 246,78.8,75.6,81.8,0.878,175.269
ЦАР,,,,,,,4 745 000,,,,,5.868
Цент­рально-Афри­кан­ская Респуб­лика,,,,,,,,57.7,55.5,59.6,0.387,
Центральноафриканская Республика,622984.0,622984.0,622980.0,0.0,0.0,0.0,,,,,,
Чад,1284000.0,1284000.0,1259200.0,24800.0,9580.0,1.9,20 299 123,55.2,53.4,57.2,0.394,48.301
Черногория,13812.0,13812.0,13450.0,360.0,140.0,2.6,622 218,77.3,73.9,80.4,0.844,18.812
Чехия,78865.0,78865.0,77198.5,1700.0,660.0,2.2,10 735 859,80.0,77.2,82.7,0.895,551.958
Чили,756102.0,756102.0,743532.0,12290.0,4745.0,1.6,19 764 771,81.4,79.5,83.2,0.86,622.779
Швей­цария,,,,,,,,84.1,82.2,85.9,0.967,
Швейцария,41284.0,41284.0,39516.0,1280.0,494.0,3.1,8 570 146,,,,,816.456
Швеция,450295.0,450295.0,407283.5,40142.0,15499.0,9.0,10 606 999,83.4,81.6,85.2,0.952,736.398
Шри-Ланка,65610.0,65610.0,61860.0,2878.0,1111.0,4.4,23 103 565,77.7,74.4,80.7,0.78,
Эквадор,276841.0,276841.0,248360.0,6720.0,2600.0,2.4,18 135 478,77.6,74.9,80.3,0.765,268.199
Экватори­альная Гвинея,,,,,,,,63.9,62.2,65.9,0.65,
Экваториальная Гвинея,28051.0,28051.0,28050.0,0.0,0.0,0.0,1 356 000,,,,,29.226
Эритрея,117600.0,117600.0,121040.8,0.0,0.0,0.0,3 497 000,68.9,66.8,70.9,0.493,
Эсватини,17364.0,17364.0,17200.0,160.0,62.0,0.9,1 148 000,,,,,14.861
Эстония,45227.0,45227.0,42750.0,2840.0,1100.0,6.3,1 374 687,79.3,75.1,83.2,0.899,61.598
Эфиопия,1104300.0,1104300.0,1128571.3,7670.0,2960.0,0.7,132 059 767,67.6,64.4,71.0,0.492,431.688
ЮАР,1221037.0,1221037.0,1213090.0,4620.0,1780.0,0.4,64 007 187,,,,,
Южная Африка,,,,,,,,66.3,62.8,69.8,0.717,1025.93
Южная Корея,100210.0,100210.0,97600.0,301.0,116.0,0.3,,84.4,81.3,87.3,0.929,3057.995
Южная Осетия,,,,,,,53 532,,,,,
Южный Судан,619745.0,619745.0,631930.0,0.0,0.0,0.0,11 943 408,57.7,54.8,60.7,0.381,7.031
Ямайка,10991.0,10991.0,10830.0,160.0,62.0,1.5,2 726 667,71.6,69.1,74.1,0.706,37.239
Япония,377930.0,377930.0,364500.0,13430.0,5185.0,3.6,123 753 041,84.9,81.8,87.9,0.92,6720.962
